{
  "generation": 50,
  "amountInputs": 5,
  "amountHiddens": 8,
  "amountOutputs": 2,
  "weights": [
    {
      "values": {
        "0": -0.3638322055339813,
        "1": -1.2625267505645752,
        "2": -0.3861974775791168,
        "3": -2.250361204147339,
        "4": 3.571737766265869,
        "5": 2.7301950454711914,
        "6": -0.07648184150457382,
        "7": 1.431469440460205,
        "8": 1.353573203086853,
        "9": -0.007912306115031242,
        "10": 0.8883959054946899,
        "11": -2.1556015014648438,
        "12": -0.6377010345458984,
        "13": -1.5182896852493286,
        "14": -1.952117919921875,
        "15": -6.292306900024414,
        "16": 1.503188967704773,
        "17": -0.4637564718723297,
        "18": -2.5677225589752197,
        "19": -0.13682033121585846,
        "20": -0.554758608341217,
        "21": -1.1780658960342407,
        "22": -1.7645609378814697,
        "23": 1.9320342540740967,
        "24": -0.7399738430976868,
        "25": 1.2648073434829712,
        "26": -0.9655315279960632,
        "27": 1.2190498113632202,
        "28": -0.9568309187889099,
        "29": 2.5006155967712402,
        "30": -2.5413553714752197,
        "31": 3.078237295150757,
        "32": -1.3282389640808105,
        "33": -0.036334842443466187,
        "34": 0.6935509443283081,
        "35": 1.098037600517273,
        "36": -2.6963512897491455,
        "37": -0.8790585398674011,
        "38": 0.1561601161956787,
        "39": -0.11172103136777878
      },
      "shape": [
        5,
        8
      ]
    },
    {
      "values": {
        "0": -0.3804266154766083,
        "1": -2.2054390907287598,
        "2": -0.05915199592709541,
        "3": -1.261273741722107,
        "4": -0.2417687326669693,
        "5": 0.5992961525917053,
        "6": -0.38917645812034607,
        "7": -0.341409832239151
      },
      "shape": [
        8
      ]
    },
    {
      "values": {
        "0": -5.085195541381836,
        "1": 1.7857714891433716,
        "2": 2.5546951293945312,
        "3": 0.16136641800403595,
        "4": -0.3783857822418213,
        "5": -0.2763592302799225,
        "6": -1.2088589668273926,
        "7": -0.12255247682332993,
        "8": 0.25220823287963867,
        "9": -6.723484992980957,
        "10": -0.6897420883178711,
        "11": -0.3879358470439911,
        "12": 1.6100571155548096,
        "13": 1.2941285371780396,
        "14": -1.8646713495254517,
        "15": -2.1322059631347656
      },
      "shape": [
        8,
        2
      ]
    },
    {
      "values": {
        "0": 1.414422869682312,
        "1": 1.2115899324417114
      },
      "shape": [
        2
      ]
    }
  ],
  "model": "{\"class_name\":\"Sequential\",\"config\":[{\"class_name\":\"Dense\",\"config\":{\"units\":8,\"activation\":\"sigmoid\",\"use_bias\":true,\"kernel_initializer\":{\"class_name\":\"VarianceScaling\",\"config\":{\"scale\":1,\"mode\":\"fan_avg\",\"distribution\":\"normal\",\"seed\":null}},\"bias_initializer\":{\"class_name\":\"Zeros\",\"config\":{}},\"kernel_regularizer\":null,\"bias_regularizer\":null,\"activity_regularizer\":null,\"kernel_constraint\":null,\"bias_constraint\":null,\"name\":\"dense_Dense19749\",\"trainable\":true,\"batch_input_shape\":[null,5],\"dtype\":\"float32\"}},{\"class_name\":\"Dense\",\"config\":{\"units\":2,\"activation\":\"softmax\",\"use_bias\":true,\"kernel_initializer\":{\"class_name\":\"VarianceScaling\",\"config\":{\"scale\":1,\"mode\":\"fan_avg\",\"distribution\":\"normal\",\"seed\":null}},\"bias_initializer\":{\"class_name\":\"Zeros\",\"config\":{}},\"kernel_regularizer\":null,\"bias_regularizer\":null,\"activity_regularizer\":null,\"kernel_constraint\":null,\"bias_constraint\":null,\"name\":\"dense_Dense19750\",\"trainable\":true}}],\"keras_version\":\"tfjs-layers 1.0.4\",\"backend\":\"tensor_flow.js\"}"
}
