{
  "generation": 25,
  "amountInputs": 5,
  "amountHiddens": 8,
  "amountOutputs": 2,
  "weights": [
    {
      "values": {
        "0": -0.7262773513793945,
        "1": 1.6656131744384766,
        "2": 0.4884084165096283,
        "3": 0.31358492374420166,
        "4": 2.9677488803863525,
        "5": 0.4069390892982483,
        "6": 0.5640983581542969,
        "7": 0.1704297512769699,
        "8": 1.353573203086853,
        "9": -1.3672754764556885,
        "10": 0.0516352504491806,
        "11": -0.2825772762298584,
        "12": 0.4264430105686188,
        "13": -2.259626865386963,
        "14": -1.178814172744751,
        "15": -2.6589343547821045,
        "16": 0.09691924601793289,
        "17": -0.01752988062798977,
        "18": -1.7340742349624634,
        "19": 0.16635282337665558,
        "20": -1.4328831434249878,
        "21": -1.07677161693573,
        "22": -0.7920470833778381,
        "23": 2.466609001159668,
        "24": -0.27293914556503296,
        "25": -2.273252010345459,
        "26": -2.157825231552124,
        "27": -0.06597848981618881,
        "28": 0.7547249794006348,
        "29": 1.7155768871307373,
        "30": -3.5446064472198486,
        "31": 1.7534631490707397,
        "32": -2.6197075843811035,
        "33": 1.012535572052002,
        "34": -0.6489957571029663,
        "35": 1.8336215019226074,
        "36": -0.45416679978370667,
        "37": -0.30406415462493896,
        "38": 0.1561601161956787,
        "39": 0.7814959287643433
      },
      "shape": [
        5,
        8
      ]
    },
    {
      "values": {
        "0": -0.03145037218928337,
        "1": -1.9989289045333862,
        "2": -0.05915199592709541,
        "3": -1.7285834550857544,
        "4": 0.19059738516807556,
        "5": 0.3515722453594208,
        "6": 1.478694200515747,
        "7": -1.7302403450012207
      },
      "shape": [
        8
      ]
    },
    {
      "values": {
        "0": -1.8469916582107544,
        "1": 1.7857714891433716,
        "2": 1.7157840728759766,
        "3": 0.891679584980011,
        "4": 0.07477342337369919,
        "5": -1.7535483837127686,
        "6": -0.7101515531539917,
        "7": -1.1316291093826294,
        "8": 0.25220823287963867,
        "9": -1.5677108764648438,
        "10": 0.4173223674297333,
        "11": 0.1366722136735916,
        "12": 1.0436606407165527,
        "13": 1.5033718347549438,
        "14": -0.48944729566574097,
        "15": 0.004235746338963509
      },
      "shape": [
        8,
        2
      ]
    },
    {
      "values": {
        "0": 0.8986347317695618,
        "1": 1.2115899324417114
      },
      "shape": [
        2
      ]
    }
  ],
  "model": "{\"class_name\":\"Sequential\",\"config\":[{\"class_name\":\"Dense\",\"config\":{\"units\":8,\"activation\":\"sigmoid\",\"use_bias\":true,\"kernel_initializer\":{\"class_name\":\"VarianceScaling\",\"config\":{\"scale\":1,\"mode\":\"fan_avg\",\"distribution\":\"normal\",\"seed\":null}},\"bias_initializer\":{\"class_name\":\"Zeros\",\"config\":{}},\"kernel_regularizer\":null,\"bias_regularizer\":null,\"activity_regularizer\":null,\"kernel_constraint\":null,\"bias_constraint\":null,\"name\":\"dense_Dense9117\",\"trainable\":true,\"batch_input_shape\":[null,5],\"dtype\":\"float32\"}},{\"class_name\":\"Dense\",\"config\":{\"units\":2,\"activation\":\"softmax\",\"use_bias\":true,\"kernel_initializer\":{\"class_name\":\"VarianceScaling\",\"config\":{\"scale\":1,\"mode\":\"fan_avg\",\"distribution\":\"normal\",\"seed\":null}},\"bias_initializer\":{\"class_name\":\"Zeros\",\"config\":{}},\"kernel_regularizer\":null,\"bias_regularizer\":null,\"activity_regularizer\":null,\"kernel_constraint\":null,\"bias_constraint\":null,\"name\":\"dense_Dense9118\",\"trainable\":true}}],\"keras_version\":\"tfjs-layers 1.0.4\",\"backend\":\"tensor_flow.js\"}"
}
