{
  "generation": 75,
  "amountInputs": 5,
  "amountHiddens": 8,
  "amountOutputs": 2,
  "weights": [
    {
      "values": {
        "0": -1.746226191520691,
        "1": 3.04899263381958,
        "2": 0.12663209438323975,
        "3": -1.5925555229187012,
        "4": 3.381570339202881,
        "5": 4.041263580322266,
        "6": -2.276700019836426,
        "7": 1.161589503288269,
        "8": 1.0948777198791504,
        "9": 1.696326732635498,
        "10": 2.2465295791625977,
        "11": 0.4114074409008026,
        "12": -0.16938552260398865,
        "13": -0.23018255829811096,
        "14": -0.9214587211608887,
        "15": -2.1946933269500732,
        "16": 3.3974695205688477,
        "17": -0.7810197472572327,
        "18": -3.3523271083831787,
        "19": 1.1369967460632324,
        "20": -1.9392696619033813,
        "21": 0.024819090962409973,
        "22": -0.6845404505729675,
        "23": 2.252552032470703,
        "24": 0.7375110983848572,
        "25": 2.649242877960205,
        "26": -1.8332639932632446,
        "27": 1.2190498113632202,
        "28": 0.3678336441516876,
        "29": 2.3190412521362305,
        "30": -1.7973695993423462,
        "31": 2.4210352897644043,
        "32": -2.1133761405944824,
        "33": -2.584934711456299,
        "34": 1.8399440050125122,
        "35": -1.5002832412719727,
        "36": -1.925891399383545,
        "37": -2.4950034618377686,
        "38": 0.3301047086715698,
        "39": 0.05542946606874466
      },
      "shape": [
        5,
        8
      ]
    },
    {
      "values": {
        "0": -1.3618643283843994,
        "1": -3.1383304595947266,
        "2": -4.225821495056152,
        "3": -0.5317357182502747,
        "4": -0.2417687326669693,
        "5": 0.33517637848854065,
        "6": -1.3793317079544067,
        "7": -2.124508857727051
      },
      "shape": [
        8
      ]
    },
    {
      "values": {
        "0": -4.408799171447754,
        "1": 1.6182289123535156,
        "2": 2.4625184535980225,
        "3": 0.31193605065345764,
        "4": 2.8529670238494873,
        "5": -2.8937549591064453,
        "6": -1.340610384941101,
        "7": 1.1148879528045654,
        "8": -0.2525379955768585,
        "9": -6.723484992980957,
        "10": 0.20656175911426544,
        "11": -0.35645684599876404,
        "12": 0.9580889940261841,
        "13": 3.479536771774292,
        "14": -0.46354031562805176,
        "15": -2.1577398777008057
      },
      "shape": [
        8,
        2
      ]
    },
    {
      "values": {
        "0": 0.30781853199005127,
        "1": 1.0484384298324585
      },
      "shape": [
        2
      ]
    }
  ],
  "model": "{\"class_name\":\"Sequential\",\"config\":[{\"class_name\":\"Dense\",\"config\":{\"units\":8,\"activation\":\"sigmoid\",\"use_bias\":true,\"kernel_initializer\":{\"class_name\":\"VarianceScaling\",\"config\":{\"scale\":1,\"mode\":\"fan_avg\",\"distribution\":\"normal\",\"seed\":null}},\"bias_initializer\":{\"class_name\":\"Zeros\",\"config\":{}},\"kernel_regularizer\":null,\"bias_regularizer\":null,\"activity_regularizer\":null,\"kernel_constraint\":null,\"bias_constraint\":null,\"name\":\"dense_Dense28937\",\"trainable\":true,\"batch_input_shape\":[null,5],\"dtype\":\"float32\"}},{\"class_name\":\"Dense\",\"config\":{\"units\":2,\"activation\":\"softmax\",\"use_bias\":true,\"kernel_initializer\":{\"class_name\":\"VarianceScaling\",\"config\":{\"scale\":1,\"mode\":\"fan_avg\",\"distribution\":\"normal\",\"seed\":null}},\"bias_initializer\":{\"class_name\":\"Zeros\",\"config\":{}},\"kernel_regularizer\":null,\"bias_regularizer\":null,\"activity_regularizer\":null,\"kernel_constraint\":null,\"bias_constraint\":null,\"name\":\"dense_Dense28938\",\"trainable\":true}}],\"keras_version\":\"tfjs-layers 1.0.4\",\"backend\":\"tensor_flow.js\"}"
}
